ProductID,ProductName,Category,SubCategory,Brand,UnitCost,MRP,LaunchDate
P3001,Onyx Grocery 1,Grocery,Grocery-A,Onyx,166.43,329.1,2022-03-11
P3002,Aurora Footwear 2,FOOTWEAR,Footwear-A,Pavo,,8830.06,2021-02-17
P3003,Solace Apparel 3,Apparel,Apparel-A,Kestrel,2182.02,3034.08,2022-11-23
P3004,Solace Footwear 4,Footwear,Footwear-B,Aurora,7147.74,14121.33,2021-09-25
P3005,Pavo Footwear 5,Footwear,Footwear-B,Lumen,7282.12,14141.11,2024-06-19
P3006,Pavo Grocery 6,Grocery,Grocery-C,Solace,344.81,569.28,2024-04-21
P3007,Solace Apparel 7,Apparel,Apparel-B,Lumen,2555.78,4893.26,2023-07-05
P3008,Nimbus Electronics 8,Electronics,Electronics-A,Vertex,73817.17,116467.67,2022-10-30
P3009,Lumen Footwear 9,Footwear,Footwear-A,Kestrel,4097.52,7160.53,2022-11-18
P3010,Aurora Accessories 10,Accessories,Accessories-A,Lumen,5736.9,9213.54,2024-08-12
P3011,Vertex Grocery 11,Grocery,Grocery-C,Aurora,520.22,819.23,2023-09-18
P3012,Onyx Electronics 12,Electronics,Electronics-B,Aurora,12866.13,19742.65,2023-06-07
P3013,Onyx Accessories 13,Accessories,Accessories-B,Onyx,2565.8,4603.07,2024-09-20
P3014,Onyx Accessories 14,Accessories,Accessories-B,Vertex,,1313.0,2024-02-28
P3015,Solace Footwear 15,Footwear,Footwear-C,Solace,7055.1,10940.91,2024-09-27
P3016,Solace Accessories 16,Accessories,Accessories-C,Kestrel,5965.3,10839.01,2023-07-11
P3017,Aurora Electronics 17,Electronics,Electronics-B,Onyx,36166.43,79961.24,2021-05-18
P3018,Aurora Electronics 18,Electronics,Electronics-C,Aurora,19030.51,26398.2,2022-05-04
P3019,Kestrel Apparel 19,Apparel,Apparel-A,Kestrel,892.27,1755.48,2023-02-21
P3020,Vertex Beauty 20,Beauty,Beauty-B,Kestrel,3596.71,7256.55,2023-08-21
P3021,Onyx Home 21,Home,Home-B,Nimbus,5614.62,7624.75,2023-08-15
P3022,Solace Accessories 22,Accessories,Accessories-C,Pavo,2091.44,4750.06,2024-01-11
P3023,Kestrel Grocery 23,Grocery,Grocery-A,,172.29,364.31,2022-11-11
P3024,Aurora Apparel 24,Apparel,Apparel-B,Pavo,2673.31,4559.71,2021-04-04
P3025,Aurora Electronics 25,Electronics,Electronics-A,Pavo,40988.77,58568.3,2024-10-02
P3026,Nimbus Beauty 26,Beauty,Beauty-A,Aurora,2735.21,4379.68,2021-04-18
P3027,Vertex Home 27,Home,Home-C,Onyx,8393.03,17676.46,2023-06-14
P3028,Solace Home 28,Home,Home-A,Lumen,7050.26,13521.93,2023-02-08
P3029,Solace Apparel 29,Apparel,Apparel-B,Aurora,3824.13,7191.35,2023-05-07
P3030,Lumen Home 30,Home,Home-B,Nimbus,5297.77,9022.44,2022-09-10
P3031,Nimbus Beauty 31,Beauty,Beauty-C,Solace,2002.73,3422.78,2021-10-15
P3032,Aurora Footwear 32,Footwear,Footwear-B,Pavo,958.95,1354.66,2022-08-18
P3033,Kestrel Electronics 33,Electronics,Electronics-B,Onyx,89755.45,167949.17,2021-12-22
P3034,Lumen Electronics 34,Electronics,Electronics-A,Pavo,48216.51,85943.89,2022-01-18
P3035,Aurora Electronics 35,Electronics,Electronics-C,Nimbus,51887.35,78138.25,2021-03-06
P3036,Kestrel Electronics 36,Electronics,Electronics-C,Nimbus,22377.21,44239.25,2021-01-13
P3037,Vertex Electronics 37,Electronics,Electronics-A,Nimbus,29542.15,59137.74,2023-06-26
P3038,Onyx Home 38,Home,Home-A,Kestrel,13002.85,28752.01,2024-06-07
P3039,Onyx Footwear 39,Footwear,Footwear-B,Lumen,5366.04,11434.0,2021-09-06
P3040,Vertex Beauty 40,Beauty,Beauty-B,Kestrel,3541.21,7617.7,2022-11-27
P3041,Kestrel Beauty 41,Beauty,Beauty-B,Pavo,3036.41,6337.94,2021-08-24
P3042,Onyx Home 42,Home,Home-A,Nimbus,2509.64,5072.18,2024-06-18
P3043,Pavo Beauty 43,BEAUTY,Beauty-C,Onyx,804.73,1363.16,2022-04-08
P3044,Kestrel Beauty 44,Beauty,Beauty-A,Onyx,416.26,898.39,2023-10-20
P3045,Onyx Home 45,Home,Home-C,Nimbus,4325.74,10099.19,2021-01-04
P3046,Lumen Beauty 46,Beauty,Beauty-C,Vertex,3558.55,6632.75,2022-11-19
P3047,Aurora Footwear 47,Footwear,Footwear-A,Pavo,1489.53,2015.63,2022-10-14
P3048,Pavo Grocery 48,Grocery,Grocery-C,Vertex,753.52,1102.05,2021-07-29
P3049,Vertex Electronics 49,Electronics,Electronics-B,Onyx,71767.14,165923.72,2021-08-08
P3050,Aurora Electronics 50,Electronics,Electronics-C,Kestrel,8326.72,13550.3,2021-02-08
P3051,Onyx Apparel 51,Apparel,Apparel-C,Nimbus,4073.12,8677.42,2023-08-24
P3052,Nimbus Apparel 52,Apparel,Apparel-C,Onyx,2358.05,4245.14,2023-05-26
P3053,Solace Accessories 53,Accessories,Accessories-C,Lumen,3663.09,5517.95,2022-09-01
P3054,Solace Apparel 54,Apparel,Apparel-C,Aurora,1497.57,2331.79,2022-09-30
P3055,Onyx Grocery 55,Grocery,Grocery-A,Solace,1258.57,2371.45,2022-02-07
P3056,Solace Grocery 56,Grocery,Grocery-C,Solace,1435.13,2991.98,2022-12-14
P3057,Solace Home 57,Home,Home-B,Nimbus,9088.6,13549.09,2023-04-22
P3058,Aurora Beauty 58,Beauty,Beauty-B,Nimbus,2779.26,4347.52,2022-12-24
P3059,Lumen Home 59,Home,Home-B,Aurora,4264.69,9071.73,2022-10-15
P3060,Vertex Grocery 60,Grocery,Grocery-A,Vertex,1346.69,2817.21,2022-09-15
P3061,Aurora Apparel 61,Apparel,Apparel-B,Kestrel,3702.93,7155.06,2021-04-15
P3062,Onyx Beauty 62,Beauty,Beauty-C,Onyx,1240.71,2046.36,2023-07-07
P3063,Pavo Footwear 63,Footwear,Footwear-C,Nimbus,3613.12,5167.66,2022-01-07
P3064,Nimbus Beauty 64,Beauty,Beauty-B,Lumen,3158.71,7297.02,2022-03-13
P3065,Nimbus Grocery 65,Grocery,Grocery-C,Solace,951.99,1760.52,2022-01-20
P3066,Nimbus Accessories 66,ACCESSORIES,Accessories-A,Nimbus,3666.13,5867.35,2023-09-14
P3067,Lumen Accessories 67,Accessories,Accessories-B,Vertex,5221.11,12394.09,2023-07-06
P3068,Pavo Beauty 68,Beauty,Beauty-A,Solace,3165.83,5694.61,2022-03-17
P3069,Nimbus Accessories 69,Accessories,Accessories-A,Pavo,4652.02,8620.63,2023-07-27
P3070,Pavo Apparel 70,Apparel,Apparel-A,Nimbus,1933.01,3118.31,2022-01-03
P3071,Vertex Grocery 71,GROCERY,Grocery-B,Nimbus,1298.85,3065.66,2022-08-09
P3072,Pavo Home 72,Home,Home-B,Aurora,14206.48,27116.8,2021-10-13
P3073,Lumen Apparel 73,Apparel,Apparel-A,Pavo,3153.04,5802.08,2022-07-04
P3074,Lumen Accessories 74,Accessories,Accessories-C,Pavo,3830.94,6583.51,2021-07-09
P3075,Aurora Electronics 75,Electronics,Electronics-C,Pavo,37619.37,79419.39,2023-05-13
P3076,Nimbus Apparel 76,Apparel,Apparel-C,Lumen,1963.37,4679.13,2022-02-25
P3077,Pavo Beauty 77,Beauty,Beauty-A,Vertex,2923.95,6753.56,2021-04-08
P3078,Nimbus Footwear 78,FOOTWEAR,Footwear-C,Solace,5185.52,10575.35,2023-06-20
P3079,Nimbus Home 79,Home,Home-A,Pavo,3094.36,4269.58,2024-04-17
P3080,Lumen Home 80,Home,Home-B,Lumen,8163.87,13096.43,2024-08-04
P3081,Kestrel Grocery 81,Grocery,Grocery-A,Vertex,243.67,579.75,2023-12-02
P3082,Aurora Accessories 82,Accessories,Accessories-C,Onyx,5774.14,13443.95,2021-03-10
P3083,Pavo Electronics 83,Electronics,Electronics-B,Vertex,,110241.42,2021-02-20
P3084,Aurora Grocery 84,Grocery,Grocery-C,Aurora,681.17,1588.69,2021-08-10
P3085,Solace Accessories 85,Accessories,Accessories-C,Vertex,3290.1,4816.93,2021-06-15
P3086,Onyx Electronics 86,Electronics,Electronics-C,Pavo,36412.67,77072.61,2021-01-11
P3087,Onyx Grocery 87,Grocery,Grocery-A,Lumen,1462.51,2326.56,2021-01-24
P3088,Onyx Accessories 88,Accessories,Accessories-B,Lumen,4002.08,9050.77,2021-07-30
P3089,Vertex Accessories 89,Accessories,Accessories-C,Solace,3491.08,5165.86,2022-12-23
P3090,Onyx Beauty 90,Beauty,Beauty-B,Kestrel,3104.82,5368.76,2024-10-23
P3091,Aurora Electronics 91,Electronics,Electronics-C,Onyx,26991.93,50521.72,2024-04-27
P3092,Nimbus Grocery 92,Grocery,Grocery-B,Onyx,530.48,1140.12,2023-11-19
P3093,Solace Home 93,Home,Home-B,Onyx,4281.31,10005.49,2023-05-18
P3094,Lumen Home 94,Home,Home-C,Kestrel,738.8,1149.82,2023-01-25
P3095,Aurora Electronics 95,Electronics,Electronics-A,Lumen,79494.38,137445.0,2022-04-24
P3096,Onyx Apparel 96,Apparel,Apparel-A,Solace,2802.94,6238.33,2024-06-03
P3097,Kestrel Electronics 97,Electronics,Electronics-B,Nimbus,36623.1,65049.16,2021-12-21
P3098,Onyx Home 98,Home,Home-C,Aurora,13101.85,18029.8,2022-07-10
P3099,Pavo Grocery 99,Grocery,Grocery-A,Kestrel,1469.35,2131.23,2021-08-08
P3100,Pavo Beauty 100,Beauty,Beauty-C,Solace,2097.99,4689.06,2023-12-22
P3101,Aurora Apparel 101,Apparel,Apparel-A,Onyx,2242.07,3926.34,2022-06-14
P3102,Lumen Footwear 102,Footwear,Footwear-B,Aurora,1540.91,3558.32,2022-07-07
P3103,Aurora Electronics 103,Electronics,Electronics-C,Aurora,66047.73,116446.89,2023-10-03
P3104,Lumen Beauty 104,Beauty,Beauty-C,Kestrel,2008.48,3519.98,2024-02-17
P3105,Kestrel Grocery 105,Grocery,Grocery-C,Vertex,1447.95,2826.07,2023-09-15
P3106,Onyx Grocery 106,Grocery,Grocery-C,Solace,1467.12,2309.14,2022-03-09
P3107,Nimbus Accessories 107,Accessories,Accessories-A,Vertex,3488.85,5199.43,2023-08-05
P3108,Solace Footwear 108,Footwear,Footwear-B,Solace,6190.54,11473.94,2023-07-14
P3109,Lumen Beauty 109,Beauty,Beauty-C,Pavo,2563.48,4209.2,2022-01-03
P3110,Pavo Apparel 110,Apparel,Apparel-B,Pavo,2217.12,3963.81,2022-05-22
P3111,Vertex Footwear 111,Footwear,Footwear-C,Nimbus,4277.36,6195.01,2023-07-13
P3112,Nimbus Apparel 112,Apparel,Apparel-C,Onyx,555.79,770.54,2023-02-28
P3113,Aurora Beauty 113,Beauty,Beauty-B,Aurora,3123.99,4812.41,2021-04-26
P3114,Vertex Grocery 114,Grocery,Grocery-C,Solace,259.87,587.77,2023-04-23
P3115,Solace Home 115,Home,Home-C,Lumen,9454.08,18831.71,2021-10-19
P3116,Kestrel Footwear 116,Footwear,Footwear-A,Kestrel,4961.47,9073.95,2022-09-13
P3117,Kestrel Apparel 117,Apparel,Apparel-A,Onyx,2935.53,5172.48,2023-07-23
P3118,Vertex Home 118,Home,Home-A,Solace,5516.68,12412.32,2024-03-30
P3119,Lumen Footwear 119,Footwear,Footwear-B,Pavo,5015.16,10740.19,2022-03-27
P3120,Pavo Home 120,Home,Home-C,Lumen,8729.23,17653.14,2023-10-01
P3121,Lumen Accessories 121,Accessories,Accessories-B,Onyx,3004.23,5248.0,2024-01-12
P3122,Solace Grocery 122,Grocery,Grocery-C,Aurora,1360.88,2074.11,2021-03-21
P3123,Pavo Beauty 123,Beauty,Beauty-A,Aurora,3096.28,5229.26,2024-02-13
P3124,Nimbus Apparel 124,Apparel,Apparel-C,Pavo,1875.2,3843.17,2023-03-25
P3125,Onyx Accessories 125,Accessories,Accessories-A,Lumen,1150.7,1780.42,2022-12-28
P3126,Onyx Electronics 126,Electronics,Electronics-B,Vertex,62086.17,103333.04,2024-10-09
P3127,Vertex Grocery 127,Grocery,Grocery-A,Solace,558.0,1175.87,2022-09-28
P3128,Nimbus Electronics 128,Electronics,Electronics-C,Pavo,66529.56,149645.21,2021-11-09
P3129,Lumen Apparel 129,Apparel,Apparel-A,Onyx,3217.25,4456.76,2024-07-18
P3130,Vertex Footwear 130,Footwear,Footwear-C,Onyx,2503.63,3765.07,2022-05-26
P3131,Vertex Grocery 131,Grocery,Grocery-C,Pavo,1034.42,2009.61,2022-03-28
P3132,Pavo Electronics 132,Electronics,Electronics-C,Aurora,67483.04,129408.69,2023-02-28
P3133,Lumen Grocery 133,Grocery,Grocery-B,Pavo,866.45,1480.62,2024-07-27
P3134,Aurora Grocery 134,Grocery,Grocery-A,Nimbus,893.48,1906.56,2021-07-20
P3135,Kestrel Beauty 135,BEAUTY,Beauty-C,Lumen,1806.22,2810.57,2023-02-22
P3136,Nimbus Home 136,Home,Home-B,Pavo,4332.36,6027.09,2022-01-10
P3137,Onyx Apparel 137,Apparel,Apparel-B,Lumen,2266.11,4813.92,2023-05-05
P3138,Nimbus Home 138,Home,Home-C,Aurora,,20517.24,2021-09-09
P3139,Solace Electronics 139,Electronics,Electronics-A,,4452.1,6372.65,2024-09-19
P3140,Solace Footwear 140,Footwear,Footwear-C,Kestrel,1524.8,2146.37,2021-03-11
P3141,Pavo Beauty 141,Beauty,Beauty-A,Nimbus,2504.44,3628.04,2021-02-27
P3142,Vertex Beauty 142,Beauty,Beauty-B,Nimbus,1973.56,4541.82,2022-08-01
P3143,Solace Beauty 143,Beauty,Beauty-B,Solace,3618.08,8391.51,2022-07-30
P3144,Aurora Home 144,Home,Home-A,Nimbus,8787.02,14814.91,2024-05-26
P3145,Onyx Home 145,Home,Home-A,Aurora,9534.42,15280.17,2022-12-12
P3146,Nimbus Apparel 146,Apparel,Apparel-A,Solace,1669.68,3465.88,2023-05-04
P3147,Onyx Apparel 147,Apparel,Apparel-C,Aurora,3616.67,6727.16,2023-11-23
P3148,Lumen Accessories 148,Accessories,Accessories-A,Onyx,5145.51,8021.06,2021-04-11
P3149,Lumen Electronics 149,Electronics,Electronics-B,Nimbus,66946.58,142450.37,2023-06-27
P3150,Pavo Home 150,Home,Home-C,Solace,7834.82,14797.07,2022-06-26
P3151,Pavo Apparel 151,Apparel,Apparel-C,Pavo,3920.52,8158.07,2024-08-01
P3152,Aurora Apparel 152,Apparel,Apparel-B,Vertex,2908.89,5755.14,2023-01-02
P3153,Lumen Apparel 153,Apparel,Apparel-A,Aurora,4026.28,9535.9,2022-04-29
P3154,Pavo Footwear 154,FOOTWEAR,Footwear-B,Aurora,5852.49,12953.74,2021-12-19
P3155,Onyx Grocery 155,Grocery,Grocery-C,Aurora,,3282.49,2023-04-18
P3156,Kestrel Grocery 156,Grocery,Grocery-B,Aurora,684.89,1518.91,2021-07-16
P3157,Aurora Electronics 157,Electronics,Electronics-C,Kestrel,36508.43,76358.46,2022-01-19
P3158,Nimbus Electronics 158,Electronics,Electronics-C,Aurora,42352.29,79704.85,2023-11-25
P3159,Kestrel Apparel 159,Apparel,Apparel-B,Lumen,2420.67,5506.28,2023-07-09
P3160,Nimbus Home 160,Home,Home-B,Lumen,316.57,729.44,2022-10-08
P3161,Solace Grocery 161,Grocery,Grocery-A,Vertex,528.63,890.11,2022-08-16
P3162,Onyx Grocery 162,Grocery,Grocery-B,Vertex,937.32,1474.77,2021-01-06
P3163,Vertex Home 163,Home,Home-C,Lumen,5591.28,13298.43,2023-04-13
P3164,Lumen Electronics 164,Electronics,Electronics-C,Kestrel,,130670.01,2021-02-25
P3165,Vertex Accessories 165,Accessories,Accessories-B,Nimbus,954.52,1873.84,2024-05-07
P3166,Nimbus Beauty 166,Beauty,Beauty-C,Pavo,1905.7,2632.73,2024-03-08
P3167,Kestrel Electronics 167,Electronics,Electronics-B,Solace,67172.87,135486.27,2024-01-31
P3168,Pavo Electronics 168,Electronics,Electronics-B,Solace,60297.88,136684.92,2021-05-08
P3169,Pavo Apparel 169,Apparel,Apparel-A,Solace,2534.99,5189.8,2023-03-16
P3170,Kestrel Home 170,Home,Home-A,Kestrel,4025.64,5545.04,2023-03-04
P3171,Solace Beauty 171,Beauty,Beauty-B,Pavo,918.53,1942.7,2023-10-31
P3172,Lumen Apparel 172,Apparel,Apparel-C,Vertex,2791.53,5665.18,2023-06-08
P3173,Kestrel Grocery 173,Grocery,Grocery-B,Aurora,334.12,688.69,2023-12-18
P3174,Onyx Electronics 174,Electronics,Electronics-B,Pavo,33302.55,58821.44,2024-09-03
P3175,Vertex Home 175,Home,Home-C,Lumen,10587.11,18356.15,2024-03-22
P3176,Kestrel Apparel 176,Apparel,Apparel-A,Solace,2807.07,6522.03,2021-05-04
P3177,Kestrel Grocery 177,GROCERY,Grocery-A,Vertex,1406.13,3215.77,2024-06-05
P3178,Lumen Home 178,Home,Home-B,Nimbus,1586.52,3229.44,2023-10-31
P3179,Onyx Accessories 179,Accessories,Accessories-C,Nimbus,4268.14,10166.93,2022-04-13
P3180,Pavo Electronics 180,Electronics,Electronics-C,Pavo,27916.55,48254.23,2022-06-21
P3181,Kestrel Electronics 181,Electronics,Electronics-A,Kestrel,46353.76,81120.91,2021-10-26
P3182,Solace Accessories 182,Accessories,Accessories-C,Lumen,5058.37,8700.11,2022-08-24
P3183,Kestrel Grocery 183,Grocery,Grocery-C,,792.03,1485.82,2023-07-01
P3184,Onyx Apparel 184,Apparel,Apparel-A,Aurora,1446.27,2447.92,2024-03-22
P3185,Lumen Accessories 185,Accessories,Accessories-B,Lumen,5906.51,13145.89,2024-05-14
P3186,Onyx Apparel 186,Apparel,Apparel-C,Aurora,2795.84,4008.98,2021-03-23
P3187,Kestrel Footwear 187,FOOTWEAR,Footwear-A,Nimbus,7215.35,11190.35,2022-05-06
P3188,Vertex Footwear 188,Footwear,Footwear-A,Pavo,3207.35,7033.92,2023-07-24
P3189,Solace Home 189,Home,Home-B,Solace,13688.76,20615.56,2024-03-05
P3190,Lumen Grocery 190,Grocery,Grocery-B,Pavo,146.3,250.79,2021-02-16
P3191,Onyx Accessories 191,Accessories,Accessories-A,Kestrel,4813.95,9229.08,2024-08-08
P3192,Kestrel Apparel 192,Apparel,Apparel-A,Solace,2889.51,4463.21,2024-07-08
P3193,Aurora Grocery 193,Grocery,Grocery-C,Pavo,967.56,2012.91,2022-11-03
P3194,Kestrel Grocery 194,Grocery,Grocery-A,Nimbus,478.9,760.52,2023-07-08
P3195,Aurora Accessories 195,Accessories,Accessories-B,Kestrel,758.45,1124.54,2022-04-09
P3196,Nimbus Home 196,Home,Home-A,Pavo,3751.39,7688.08,2022-03-05
P3197,Pavo Grocery 197,Grocery,Grocery-B,Solace,922.97,1657.71,2021-04-10
P3198,Lumen Electronics 198,Electronics,Electronics-A,Lumen,55288.18,126090.19,2024-04-14
P3199,Onyx Apparel 199,Apparel,Apparel-A,Kestrel,3247.82,6074.05,2024-03-22
P3200,Nimbus Electronics 200,Electronics,Electronics-A,Vertex,87346.67,208326.71,2023-10-29
P3201,Solace Electronics 201,Electronics,Electronics-A,Aurora,28282.82,48825.24,2021-03-14
P3202,Vertex Grocery 202,Grocery,Grocery-C,Aurora,592.3,1152.21,2021-01-15
P3203,Nimbus Home 203,Home,Home-B,Onyx,2737.48,5437.8,2024-10-26
P3204,Aurora Grocery 204,Grocery,Grocery-B,Vertex,1286.42,1956.5,2021-05-31
P3205,Lumen Grocery 205,Grocery,Grocery-B,Solace,1260.28,1782.69,2022-05-22
P3206,Onyx Electronics 206,Electronics,Electronics-A,Lumen,27459.58,58000.93,2021-04-18
P3207,Pavo Apparel 207,Apparel,Apparel-B,Lumen,3438.27,6426.81,2023-10-23
P3208,Pavo Apparel 208,Apparel,Apparel-B,Nimbus,4668.19,9832.53,2021-08-20
P3209,Solace Electronics 209,Electronics,Electronics-C,Solace,63191.97,151189.53,2023-08-01
P3210,Pavo Footwear 210,Footwear,Footwear-C,Nimbus,3594.63,8572.4,2024-10-05
P3211,Kestrel Home 211,Home,Home-B,Pavo,6018.97,11719.34,2022-12-28
P3212,Kestrel Electronics 212,Electronics,Electronics-C,Nimbus,21914.86,36626.15,2024-10-05
P3213,Aurora Electronics 213,Electronics,Electronics-C,Aurora,5671.42,9327.77,2023-12-05
P3214,Lumen Electronics 214,Electronics,Electronics-B,Solace,22901.99,50703.3,2024-09-14
P3215,Vertex Apparel 215,Apparel,Apparel-B,Pavo,1610.64,2792.49,2023-07-17
P3216,Nimbus Grocery 216,Grocery,Grocery-B,Solace,1453.66,2441.57,2021-09-09
P3217,Onyx Home 217,Home,Home-A,Solace,13323.62,19404.98,2022-09-20
P3218,Lumen Apparel 218,Apparel,Apparel-B,Vertex,3800.07,6083.07,2024-04-29
P3219,Pavo Electronics 219,Electronics,Electronics-B,Kestrel,59609.82,119727.94,2024-08-24
P3220,Kestrel Apparel 220,Apparel,Apparel-A,Lumen,1224.27,2019.1,2021-09-13
P3221,Kestrel Home 221,Home,Home-C,Solace,6804.71,12699.0,2024-01-19
P3222,Nimbus Electronics 222,Electronics,Electronics-A,,47826.78,94700.61,2023-03-17
P3223,Solace Electronics 223,Electronics,Electronics-C,Onyx,5291.92,7185.42,2024-01-22
P3224,Kestrel Apparel 224,Apparel,Apparel-A,Nimbus,2689.46,4974.52,2022-12-26
P3225,Onyx Beauty 225,Beauty,Beauty-A,Pavo,2762.55,5299.0,2021-08-13
P3226,Vertex Apparel 226,APPAREL,Apparel-C,Nimbus,949.93,1328.6,2022-01-07
P3227,Lumen Beauty 227,BEAUTY,Beauty-B,Onyx,2220.28,4740.96,2023-01-01
P3228,Pavo Apparel 228,Apparel,Apparel-C,Lumen,2471.89,5851.8,2021-08-30
P3229,Kestrel Accessories 229,Accessories,Accessories-B,Kestrel,1402.04,2161.1,2022-09-03
P3230,Nimbus Apparel 230,Apparel,Apparel-A,Kestrel,4677.81,7025.23,2022-11-28
P3231,Vertex Footwear 231,Footwear,Footwear-C,Lumen,5531.85,7508.18,2024-02-18
P3232,Solace Accessories 232,Accessories,Accessories-C,Kestrel,4272.86,9905.08,2022-05-31
P3233,Kestrel Accessories 233,Accessories,Accessories-B,Kestrel,1275.12,2007.56,2021-07-01
P3234,Pavo Grocery 234,Grocery,Grocery-A,Pavo,1051.38,1698.81,2022-05-31
P3235,Lumen Footwear 235,Footwear,Footwear-C,Lumen,6999.37,12500.45,2021-09-30
P3236,Solace Footwear 236,Footwear,Footwear-C,Lumen,1689.26,2754.57,2023-06-08
P3237,Pavo Apparel 237,Apparel,Apparel-A,Nimbus,3762.56,5496.47,2023-04-16
P3238,Vertex Footwear 238,Footwear,Footwear-C,Onyx,6295.31,10190.77,2022-11-29
P3239,Lumen Beauty 239,Beauty,Beauty-A,Lumen,2575.33,5875.33,2023-12-30
P3240,Kestrel Apparel 240,Apparel,Apparel-C,Solace,494.23,984.01,2024-03-02
P3241,Aurora Beauty 241,BEAUTY,Beauty-A,Lumen,3367.34,8075.41,2021-09-24
P3242,Solace Beauty 242,Beauty,Beauty-B,Kestrel,612.0,1212.16,2022-10-21
P3243,Solace Apparel 243,Apparel,Apparel-C,Kestrel,577.98,976.54,2021-11-23
P3244,Kestrel Home 244,Home,Home-A,Aurora,,2658.64,2024-10-08
P3245,Lumen Apparel 245,Apparel,Apparel-A,Vertex,4015.29,8067.86,2023-10-06
P3246,Lumen Footwear 246,Footwear,Footwear-A,Onyx,3043.82,4467.38,2021-04-30
P3247,Aurora Electronics 247,Electronics,Electronics-B,Pavo,23543.55,38979.01,2021-05-19
P3248,Lumen Footwear 248,Footwear,Footwear-B,Vertex,2416.2,4514.04,2021-08-21
P3249,Vertex Grocery 249,Grocery,Grocery-C,Nimbus,1471.54,2184.34,2021-05-14
P3250,Vertex Grocery 250,Grocery,Grocery-B,Vertex,91.89,178.2,2022-12-23
P3251,Nimbus Grocery 251,Grocery,Grocery-A,Vertex,557.21,879.49,2022-05-17
P3252,Aurora Apparel 252,Apparel,Apparel-B,Onyx,1854.69,3408.01,2023-04-25
P3253,Onyx Grocery 253,GROCERY,Grocery-A,Aurora,1035.77,1783.84,2024-09-17
P3254,Vertex Home 254,Home,Home-C,Kestrel,9094.83,16737.51,2024-06-23
P3255,Kestrel Accessories 255,Accessories,Accessories-A,Onyx,3256.35,6632.3,2022-09-03
P3256,Nimbus Beauty 256,Beauty,Beauty-C,Solace,1365.38,1994.76,2024-06-07
P3257,Pavo Grocery 257,Grocery,Grocery-B,,433.58,1028.91,2024-02-06
P3258,Nimbus Accessories 258,Accessories,Accessories-C,Vertex,5091.82,9405.73,2022-09-22
P3259,Pavo Beauty 259,Beauty,Beauty-A,Onyx,3432.04,5395.51,2021-08-14
P3260,Aurora Electronics 260,Electronics,Electronics-B,Nimbus,42319.49,78262.26,2021-01-25
P3261,Pavo Grocery 261,Grocery,Grocery-A,Nimbus,1387.08,1918.23,2024-04-07
P3262,Lumen Apparel 262,Apparel,Apparel-B,Nimbus,3557.84,7303.9,2022-11-14
P3263,Aurora Apparel 263,Apparel,Apparel-A,Nimbus,3873.66,9104.8,2021-10-16
P3264,Pavo Electronics 264,Electronics,Electronics-A,Lumen,67545.96,160401.93,2021-09-02
P3265,Onyx Home 265,Home,Home-B,Pavo,1793.33,3026.92,2021-12-11
P3266,Onyx Accessories 266,Accessories,Accessories-B,Kestrel,5029.71,10252.3,2023-04-07
P3267,Vertex Apparel 267,Apparel,Apparel-B,Vertex,2925.2,5308.91,2022-10-07
P3268,Lumen Beauty 268,Beauty,Beauty-A,Solace,3289.37,6123.88,2024-08-07
P3269,Nimbus Footwear 269,Footwear,Footwear-A,Onyx,4100.1,8721.21,2022-03-19
P3270,Kestrel Home 270,Home,Home-C,Onyx,4916.17,6828.66,2024-04-16
P3271,Nimbus Apparel 271,Apparel,Apparel-C,Kestrel,668.35,1414.53,2022-02-01
P3272,Pavo Accessories 272,Accessories,Accessories-A,Pavo,3051.56,4860.66,2023-03-14
P3273,Onyx Apparel 273,Apparel,Apparel-B,Vertex,2385.39,5335.77,2023-03-13
P3274,Onyx Footwear 274,Footwear,Footwear-C,Aurora,5802.72,9281.67,2024-09-10
P3275,Nimbus Apparel 275,Apparel,Apparel-B,Vertex,4246.21,9783.52,2024-08-09
P3276,Kestrel Home 276,Home,Home-C,Pavo,1207.1,2421.26,2021-07-16
P3277,Nimbus Grocery 277,Grocery,Grocery-B,Vertex,159.47,246.33,2023-02-08
P3278,Solace Footwear 278,Footwear,Footwear-C,Kestrel,6647.15,12673.88,2022-10-19
P3279,Nimbus Apparel 279,Apparel,Apparel-B,Lumen,4241.5,6233.64,2021-01-28
P3280,Solace Apparel 280,Apparel,Apparel-B,Vertex,1141.0,2253.17,2024-02-11
P3281,Nimbus Grocery 281,Grocery,Grocery-C,Nimbus,770.43,1199.65,2023-02-14
P3282,Solace Grocery 282,Grocery,Grocery-A,Kestrel,798.52,1874.53,2022-09-13
P3283,Kestrel Home 283,Home,Home-A,Lumen,5160.9,8597.6,2024-07-24
P3284,Kestrel Home 284,Home,Home-A,Pavo,11319.69,21968.99,2021-09-08
P3285,Aurora Apparel 285,Apparel,Apparel-C,Kestrel,944.37,1953.67,2024-04-02
P3286,Onyx Accessories 286,Accessories,Accessories-A,Lumen,4326.69,6044.69,2023-04-15
P3287,Kestrel Accessories 287,Accessories,Accessories-C,Aurora,1996.17,3451.31,2021-07-08
P3288,Kestrel Footwear 288,Footwear,Footwear-C,Pavo,4878.04,9305.32,2023-10-01
P3289,Kestrel Footwear 289,Footwear,Footwear-B,Aurora,4855.33,8811.72,2021-09-03
P3290,Pavo Electronics 290,Electronics,Electronics-A,Pavo,84389.69,164533.48,2023-05-25
P3291,Vertex Electronics 291,Electronics,Electronics-B,Vertex,89318.3,208719.97,2023-10-09
P3292,Vertex Apparel 292,Apparel,Apparel-C,Onyx,884.71,1993.1,2023-09-10
P3293,Nimbus Apparel 293,Apparel,Apparel-B,Vertex,1729.43,2603.88,2024-08-27
P3294,Solace Home 294,Home,Home-A,Lumen,7418.96,13305.21,2024-01-12
P3295,Kestrel Home 295,Home,Home-C,Lumen,6152.95,10885.58,2022-11-24
P3296,Aurora Grocery 296,Grocery,Grocery-C,Kestrel,584.68,1162.28,2021-10-30
P3297,Aurora Grocery 297,Grocery,Grocery-B,Aurora,704.46,1172.0,2023-09-24
P3298,Lumen Grocery 298,Grocery,Grocery-C,Aurora,943.15,1901.44,2021-03-05
P3299,Aurora Grocery 299,Grocery,Grocery-A,Pavo,508.07,933.38,2022-04-15
P3300,Nimbus Footwear 300,Footwear,Footwear-A,Pavo,5958.05,10156.41,2021-12-31
P3301,Solace Accessories 301,Accessories,Accessories-C,Nimbus,325.43,765.5,2023-12-14
P3302,Onyx Accessories 302,Accessories,Accessories-A,Lumen,2259.52,5029.23,2022-02-07
P3303,Onyx Beauty 303,Beauty,Beauty-C,Kestrel,3316.86,6931.62,2022-07-09
P3304,Solace Apparel 304,Apparel,Apparel-C,Pavo,3254.73,7164.56,2022-12-24
P3305,Aurora Apparel 305,Apparel,Apparel-B,Nimbus,4958.82,10155.03,2024-01-09
P3306,Aurora Footwear 306,FOOTWEAR,Footwear-B,Solace,5952.82,8055.29,2023-12-28
P3307,Solace Footwear 307,Footwear,Footwear-B,Aurora,4382.11,10011.61,2022-12-12
P3308,Lumen Home 308,Home,Home-C,Vertex,8004.04,14576.04,2022-05-28
P3309,Lumen Grocery 309,Grocery,Grocery-C,Nimbus,777.64,1127.75,2024-03-21
P3310,Onyx Grocery 310,Grocery,Grocery-B,Nimbus,867.81,1944.46,2024-07-10
P3311,Lumen Home 311,Home,Home-C,Lumen,14156.55,29658.19,2024-09-16
P3312,Nimbus Electronics 312,Electronics,Electronics-A,Nimbus,5013.33,7816.14,2023-09-20
P3313,Vertex Accessories 313,Accessories,Accessories-C,Lumen,381.32,870.44,2022-03-27
P3314,Lumen Footwear 314,Footwear,Footwear-B,Solace,7078.7,13381.79,2022-02-27
P3315,Pavo Beauty 315,Beauty,Beauty-B,Aurora,2024.1,2993.85,2022-12-28
P3316,Nimbus Beauty 316,Beauty,Beauty-A,,1071.33,1746.61,2024-03-17
P3317,Aurora Home 317,HOME,Home-B,Nimbus,11060.39,15634.41,2022-02-19
P3318,Lumen Accessories 318,Accessories,Accessories-C,Onyx,937.12,1338.24,2021-01-17
P3319,Lumen Home 319,Home,Home-B,Onyx,10414.98,15752.83,2024-07-20
P3320,Aurora Home 320,Home,Home-A,Kestrel,10442.98,21544.61,2022-08-15
P3321,Onyx Apparel 321,Apparel,Apparel-C,Pavo,2448.6,4565.02,2022-01-22
P3322,Aurora Apparel 322,Apparel,Apparel-C,Nimbus,4260.1,9293.17,2023-02-10
P3323,Nimbus Accessories 323,Accessories,Accessories-A,Pavo,1049.81,2169.7,2024-06-17
P3324,Nimbus Accessories 324,Accessories,Accessories-A,Kestrel,2611.84,4653.48,2024-06-27
P3325,Onyx Footwear 325,Footwear,Footwear-C,Kestrel,3016.65,6276.07,2021-04-04
P3326,Solace Apparel 326,Apparel,Apparel-C,Vertex,2611.81,4518.7,2021-11-05
P3327,Aurora Grocery 327,Grocery,Grocery-C,Onyx,1432.66,3165.66,2022-01-10
P3328,Aurora Beauty 328,Beauty,Beauty-C,Vertex,2364.44,3400.38,2021-11-19
P3329,Vertex Home 329,Home,Home-B,Aurora,5169.22,9205.69,2022-08-11
P3330,Aurora Apparel 330,Apparel,Apparel-B,Onyx,757.33,1025.44,2021-01-03
P3331,Nimbus Grocery 331,Grocery,Grocery-A,Vertex,902.97,1811.72,2022-08-19
P3332,Kestrel Beauty 332,Beauty,Beauty-A,Pavo,3227.62,6616.67,2024-05-24
P3333,Pavo Footwear 333,Footwear,Footwear-A,Aurora,1838.8,2675.64,2022-03-12
P3334,Lumen Apparel 334,Apparel,Apparel-C,Nimbus,2865.96,4002.19,2023-12-29
P3335,Nimbus Electronics 335,Electronics,Electronics-B,Onyx,19025.44,30975.22,2021-02-28
P3336,Solace Home 336,Home,Home-C,Aurora,12186.47,23410.42,2023-03-19
P3337,Aurora Beauty 337,Beauty,Beauty-C,Nimbus,684.67,1035.28,2022-05-29
P3338,Aurora Apparel 338,Apparel,Apparel-A,Lumen,1269.21,2177.17,2021-05-11
P3339,Solace Beauty 339,Beauty,Beauty-B,Vertex,2448.09,4989.96,2022-07-24
P3340,Aurora Grocery 340,Grocery,Grocery-B,Lumen,742.71,1015.08,2022-04-15
P3341,Pavo Beauty 341,Beauty,Beauty-C,Onyx,600.46,1112.93,2021-08-10
P3342,Pavo Grocery 342,Grocery,Grocery-C,Lumen,711.91,1658.76,2021-12-21
P3343,Vertex Apparel 343,Apparel,Apparel-A,Solace,3045.77,6471.57,2022-05-02
P3344,Nimbus Footwear 344,Footwear,Footwear-B,Lumen,7859.31,13747.05,2022-12-29
P3345,Nimbus Footwear 345,Footwear,Footwear-A,Kestrel,7721.23,15637.6,2023-12-18
P3346,Kestrel Grocery 346,GROCERY,Grocery-C,Aurora,814.31,1690.55,2024-01-08
P3347,Onyx Footwear 347,Footwear,Footwear-B,Onyx,2814.55,4273.6,2024-04-17
P3348,Aurora Footwear 348,Footwear,Footwear-A,Lumen,1216.81,2386.86,2024-09-05
P3349,Vertex Apparel 349,Apparel,Apparel-A,Nimbus,2324.98,5539.16,2021-05-16
P3350,Vertex Electronics 350,Electronics,Electronics-A,Solace,4904.2,8779.52,2023-09-23
P3351,Solace Accessories 351,Accessories,Accessories-A,Lumen,1492.74,3036.28,2024-06-18
P3352,Lumen Beauty 352,Beauty,Beauty-B,Vertex,1239.82,2377.24,2022-02-13
P3353,Lumen Grocery 353,Grocery,Grocery-A,Solace,174.09,390.31,2021-02-03
P3354,Kestrel Footwear 354,FOOTWEAR,Footwear-C,Kestrel,2532.99,5634.05,2022-05-28
P3355,Kestrel Apparel 355,Apparel,Apparel-A,Vertex,1515.19,2561.94,2022-06-06
P3356,Nimbus Grocery 356,Grocery,Grocery-B,Kestrel,80.52,150.66,2023-07-23
P3357,Solace Electronics 357,Electronics,Electronics-B,Nimbus,57500.91,124209.82,2022-05-01
P3358,Solace Electronics 358,Electronics,Electronics-B,Onyx,61278.6,89758.37,2021-03-10
P3359,Onyx Apparel 359,Apparel,Apparel-C,Nimbus,4586.0,10156.54,2022-07-04
P3360,Nimbus Grocery 360,Grocery,Grocery-B,Onyx,743.15,1574.15,2023-09-09
P3361,Onyx Grocery 361,Grocery,Grocery-C,Lumen,676.97,1302.12,2023-06-23
P3362,Vertex Apparel 362,Apparel,Apparel-C,Solace,2355.99,4298.44,2024-07-24
P3363,Lumen Grocery 363,Grocery,Grocery-A,Lumen,495.85,1105.25,2024-05-07
P3364,Kestrel Footwear 364,Footwear,Footwear-B,Solace,7073.52,11989.22,2024-10-07
P3365,Lumen Grocery 365,Grocery,Grocery-B,Vertex,537.41,859.4,2024-09-18
P3366,Vertex Footwear 366,Footwear,Footwear-B,Onyx,6673.82,9820.66,2021-01-26
P3367,Lumen Footwear 367,FOOTWEAR,Footwear-B,Solace,3069.07,7296.69,2023-10-30
P3368,Kestrel Footwear 368,Footwear,Footwear-A,Pavo,6493.58,13830.3,2023-04-23
P3369,Solace Beauty 369,Beauty,Beauty-B,Kestrel,3085.33,5433.59,2021-07-12
P3370,Aurora Electronics 370,Electronics,Electronics-C,Solace,59477.99,135672.1,2021-10-27
P3371,Pavo Home 371,Home,Home-B,Nimbus,9045.23,18418.19,2022-06-01
P3372,Vertex Grocery 372,Grocery,Grocery-B,Solace,1345.88,2035.86,2023-01-27
P3373,Aurora Home 373,Home,Home-A,Solace,1007.23,1919.5,2022-05-22
P3374,Pavo Electronics 374,Electronics,Electronics-A,Lumen,77811.29,122052.95,2022-04-11
P3375,Vertex Beauty 375,Beauty,Beauty-C,Lumen,2504.32,3940.89,2024-10-30
P3376,Vertex Grocery 376,Grocery,Grocery-C,Aurora,955.6,1965.61,2021-02-27
P3377,Pavo Electronics 377,Electronics,Electronics-C,Kestrel,52052.31,117667.08,2021-03-06
P3378,Vertex Grocery 378,Grocery,Grocery-A,Nimbus,958.93,1831.13,2024-09-02
P3379,Vertex Electronics 379,Electronics,Electronics-A,Solace,82121.41,147437.26,2021-01-16
P3380,Aurora Grocery 380,Grocery,Grocery-B,Kestrel,136.92,294.01,2021-07-15
P3381,Vertex Footwear 381,FOOTWEAR,Footwear-B,Vertex,7544.22,13726.21,2021-08-11
P3382,Lumen Beauty 382,Beauty,Beauty-B,Kestrel,1476.7,3516.36,2021-12-14
P3383,Aurora Accessories 383,Accessories,Accessories-A,Vertex,447.78,861.22,2022-08-21
P3384,Kestrel Beauty 384,Beauty,Beauty-A,Pavo,527.62,853.36,2023-08-26
P3385,Kestrel Home 385,Home,Home-A,Pavo,4060.85,7984.06,2022-04-05
P3386,Vertex Home 386,Home,Home-A,Onyx,3301.33,6495.5,2022-12-07
P3387,Solace Grocery 387,Grocery,Grocery-C,Pavo,612.32,1015.75,2021-06-03
P3388,Pavo Home 388,Home,Home-A,Vertex,9950.82,14664.17,2023-05-31
P3389,Lumen Accessories 389,Accessories,Accessories-B,Pavo,911.68,2134.84,2021-10-12
P3390,Vertex Footwear 390,Footwear,Footwear-C,Aurora,3766.76,6539.2,2023-08-04
P3391,Kestrel Beauty 391,Beauty,Beauty-C,Vertex,2809.37,5933.35,2024-08-29
P3392,Kestrel Footwear 392,Footwear,Footwear-A,Onyx,6316.2,9913.91,2023-01-24
P3393,Lumen Footwear 393,Footwear,Footwear-A,Nimbus,1874.59,3034.69,2022-09-14
P3394,Onyx Apparel 394,Apparel,Apparel-B,Nimbus,4576.33,10160.11,2024-04-09
P3395,Kestrel Apparel 395,Apparel,Apparel-B,Vertex,1208.54,2567.68,2021-01-14
P3396,Kestrel Beauty 396,Beauty,Beauty-B,Kestrel,1255.03,2732.45,2021-02-15
P3397,Lumen Grocery 397,Grocery,Grocery-A,Vertex,,1169.29,2021-11-08
P3398,Lumen Apparel 398,Apparel,Apparel-C,Nimbus,4164.95,7097.6,2023-12-17
P3399,Vertex Apparel 399,Apparel,Apparel-B,Kestrel,1462.25,2260.49,2024-03-27
P3400,Nimbus Apparel 400,Apparel,Apparel-B,Lumen,1077.33,2092.66,2023-05-31
P3401,Vertex Accessories 401,Accessories,Accessories-C,Pavo,951.58,1344.97,2023-07-13
P3402,Vertex Footwear 402,Footwear,Footwear-C,Aurora,6511.17,9138.25,2021-02-25
P3403,Vertex Footwear 403,Footwear,Footwear-B,Lumen,7861.82,14133.02,2023-12-22
P3404,Onyx Apparel 404,Apparel,Apparel-A,Kestrel,,9491.99,2022-12-15
P3405,Lumen Apparel 405,Apparel,Apparel-B,Solace,3865.83,6677.76,2023-03-25
P3406,Pavo Beauty 406,Beauty,Beauty-B,Aurora,1004.24,1557.84,2021-10-05
P3407,Aurora Electronics 407,Electronics,Electronics-B,Pavo,30142.57,62815.08,2021-07-13
P3408,Vertex Electronics 408,Electronics,Electronics-A,Aurora,23644.28,45150.63,2022-11-07
P3409,Aurora Grocery 409,Grocery,Grocery-B,Pavo,329.92,470.96,2023-09-20
P3410,Kestrel Electronics 410,Electronics,Electronics-A,Nimbus,61661.01,109238.45,2022-12-13
P3411,Onyx Apparel 411,Apparel,Apparel-B,Nimbus,677.0,1445.71,2023-06-10
P3412,Nimbus Apparel 412,Apparel,Apparel-B,Nimbus,3127.18,5148.74,2023-03-17
P3413,Pavo Apparel 413,Apparel,Apparel-B,Kestrel,4213.68,7891.37,2021-02-27
P3414,Aurora Apparel 414,Apparel,Apparel-C,Pavo,1386.03,2049.36,2021-02-24
P3415,Kestrel Footwear 415,Footwear,Footwear-C,Nimbus,,3754.06,2022-11-12
P3416,Onyx Grocery 416,Grocery,Grocery-A,Lumen,1464.58,3221.12,2023-06-11
P3417,Aurora Grocery 417,Grocery,Grocery-A,Vertex,444.91,1056.49,2022-03-29
P3418,Vertex Grocery 418,Grocery,Grocery-C,Nimbus,1078.45,1849.23,2024-07-02
P3419,Onyx Home 419,Home,Home-C,Lumen,3583.99,6889.62,2024-01-28
P3420,Kestrel Grocery 420,Grocery,Grocery-C,Kestrel,1043.72,1950.32,2024-07-22
P3421,Pavo Electronics 421,Electronics,Electronics-A,Lumen,32565.92,45426.3,2022-06-01
P3422,Nimbus Beauty 422,Beauty,Beauty-C,Solace,440.56,961.63,2024-07-18
P3423,Lumen Apparel 423,Apparel,Apparel-A,Solace,4227.47,5931.91,2024-04-17
P3424,Nimbus Grocery 424,Grocery,Grocery-A,Lumen,877.97,2050.42,2022-03-14
P3425,Kestrel Electronics 425,Electronics,Electronics-C,Solace,58547.75,94511.92,2023-01-07
P3426,Aurora Home 426,Home,Home-A,Nimbus,7305.07,10314.4,2023-10-29
P3427,Nimbus Apparel 427,Apparel,Apparel-B,Onyx,3163.84,6428.76,2024-02-01
P3428,Pavo Grocery 428,Grocery,Grocery-B,Nimbus,290.28,483.39,2022-03-16
P3429,Vertex Grocery 429,Grocery,Grocery-A,Onyx,271.72,617.2,2024-10-10
P3430,Kestrel Beauty 430,Beauty,Beauty-C,Nimbus,,5150.12,2022-10-29
P3431,Solace Home 431,Home,Home-A,Vertex,1754.12,3227.78,2024-03-12
P3432,Kestrel Home 432,Home,Home-C,Solace,10580.09,22724.36,2022-08-07
P3433,Nimbus Grocery 433,Grocery,Grocery-B,Kestrel,396.49,766.89,2022-04-08
P3434,Pavo Apparel 434,Apparel,Apparel-A,Pavo,1878.01,2662.81,2023-03-01
P3435,Pavo Home 435,HOME,Home-B,Solace,2835.99,5805.91,2023-05-12
P3436,Kestrel Apparel 436,Apparel,Apparel-B,Solace,2737.13,3771.7,2023-12-12
P3437,Onyx Apparel 437,Apparel,Apparel-A,Aurora,821.27,1179.2,2024-08-01
P3438,Pavo Grocery 438,Grocery,Grocery-C,Lumen,828.88,1353.76,2022-04-24
P3439,Aurora Apparel 439,Apparel,Apparel-B,Nimbus,405.74,713.73,2023-05-01
P3440,Lumen Home 440,HOME,Home-A,Nimbus,5270.1,8377.89,2023-01-12
P3441,Onyx Electronics 441,Electronics,Electronics-A,Nimbus,30037.43,62702.52,2023-08-26
P3442,Kestrel Apparel 442,Apparel,Apparel-A,Vertex,2250.23,5300.34,2024-02-09
P3443,Nimbus Footwear 443,Footwear,Footwear-C,Aurora,2375.66,3778.21,2023-04-20
P3444,Onyx Apparel 444,Apparel,Apparel-B,Nimbus,2263.21,4967.29,2021-08-03
P3445,Vertex Accessories 445,Accessories,Accessories-C,Lumen,2552.05,5853.89,2022-11-17
P3446,Onyx Apparel 446,Apparel,Apparel-B,Aurora,2765.66,5367.13,2021-12-21
P3447,Lumen Beauty 447,Beauty,Beauty-C,Nimbus,2395.33,3470.71,2022-10-26
P3448,Nimbus Footwear 448,Footwear,Footwear-A,Lumen,1591.91,3182.11,2022-06-17
P3449,Onyx Home 449,Home,Home-A,Aurora,7448.53,12320.07,2024-02-10
P3450,Aurora Grocery 450,Grocery,Grocery-C,Vertex,735.65,1525.84,2021-03-20
P3451,Lumen Accessories 451,Accessories,Accessories-A,Vertex,4896.52,10785.44,2022-10-17
P3452,Kestrel Grocery 452,Grocery,Grocery-B,Vertex,199.22,273.23,2024-06-03
P3453,Aurora Footwear 453,Footwear,Footwear-B,,2589.64,4455.01,2023-09-18
P3454,Pavo Beauty 454,Beauty,Beauty-B,Aurora,193.89,452.03,2023-02-04
P3455,Aurora Electronics 455,Electronics,Electronics-C,Solace,45937.9,83260.93,2024-08-15
P3456,Aurora Accessories 456,Accessories,Accessories-B,Nimbus,3777.22,6812.56,2024-04-29
P3457,Kestrel Apparel 457,Apparel,Apparel-C,Solace,4353.37,9041.04,2021-09-10
P3458,Onyx Home 458,Home,Home-B,Aurora,5602.06,12297.91,2021-03-28
P3459,Solace Electronics 459,Electronics,Electronics-A,Onyx,26883.91,62343.07,2021-09-18
P3460,Kestrel Footwear 460,Footwear,Footwear-C,Aurora,4450.36,8336.42,2023-09-26
P3461,Aurora Beauty 461,Beauty,Beauty-B,Vertex,2543.83,3777.67,2023-05-24
P3462,Aurora Footwear 462,Footwear,Footwear-B,Vertex,6677.5,15189.12,2023-03-07
P3463,Pavo Footwear 463,Footwear,Footwear-A,Kestrel,2395.77,4823.4,2021-10-25
P3464,Nimbus Accessories 464,Accessories,Accessories-C,Vertex,5264.12,11348.04,2023-08-20
P3465,Pavo Apparel 465,Apparel,Apparel-B,Pavo,2013.11,4064.41,2022-06-06
P3466,Vertex Grocery 466,Grocery,Grocery-A,Pavo,618.71,1213.52,2024-09-16
P3467,Aurora Apparel 467,Apparel,Apparel-A,Pavo,1812.23,2995.79,2023-01-29
P3468,Vertex Apparel 468,Apparel,Apparel-B,Aurora,1755.43,2845.3,2022-11-14
P3469,Lumen Apparel 469,Apparel,Apparel-C,Vertex,3286.14,5974.32,2022-02-22
P3470,Solace Accessories 470,Accessories,Accessories-A,Onyx,2626.14,4810.81,2023-11-27
P3471,Pavo Apparel 471,Apparel,Apparel-B,Lumen,4746.56,9578.18,2023-11-06
P3472,Aurora Home 472,Home,Home-B,Kestrel,14729.9,20408.92,2023-05-31
P3473,Kestrel Apparel 473,Apparel,Apparel-B,Vertex,3416.57,7574.51,2024-02-03
P3474,Aurora Home 474,Home,Home-B,Aurora,11404.31,27219.05,2022-03-30
P3475,Aurora Grocery 475,Grocery,Grocery-A,Nimbus,461.78,663.06,2024-08-29
P3476,Lumen Grocery 476,Grocery,Grocery-B,Pavo,1169.36,1707.9,2021-04-07
P3477,Lumen Accessories 477,Accessories,Accessories-B,Vertex,746.83,1466.66,2022-01-20
P3478,Solace Accessories 478,Accessories,Accessories-B,Onyx,3839.7,5595.58,2024-08-18
P3479,Solace Footwear 479,Footwear,Footwear-C,Pavo,3670.34,7664.68,2022-04-10
P3480,Aurora Home 480,Home,Home-B,Kestrel,10188.74,14489.56,2023-08-05
P3481,Nimbus Home 481,Home,Home-C,Kestrel,9638.65,17920.46,2022-04-25
P3482,Onyx Home 482,Home,Home-A,Nimbus,14491.89,31612.15,2024-06-01
P3483,Vertex Beauty 483,Beauty,Beauty-A,Solace,1508.86,2985.41,2021-11-14
P3484,Lumen Home 484,Home,Home-A,Lumen,12654.84,25195.51,2022-08-17
P3485,Onyx Electronics 485,Electronics,Electronics-B,Onyx,36883.44,77263.84,2022-01-27
P3486,Solace Footwear 486,Footwear,Footwear-C,Onyx,5858.95,10149.37,2022-06-28
P3487,Aurora Electronics 487,Electronics,Electronics-B,Onyx,10940.57,19646.0,2023-04-10
P3488,Vertex Grocery 488,Grocery,Grocery-B,Solace,498.0,828.75,2024-08-25
P3489,Aurora Apparel 489,Apparel,Apparel-C,Onyx,552.51,1115.34,2022-10-15
P3490,Vertex Grocery 490,Grocery,Grocery-C,Onyx,962.24,1859.03,2021-07-16
P3491,Onyx Beauty 491,Beauty,Beauty-C,Vertex,1931.93,3884.68,2022-10-13
P3492,Pavo Apparel 492,Apparel,Apparel-C,Lumen,2173.78,3603.71,2021-12-29
P3493,Kestrel Grocery 493,Grocery,Grocery-B,Nimbus,473.55,1001.85,2024-09-28
P3494,Solace Footwear 494,Footwear,Footwear-B,Nimbus,4084.87,7570.15,2024-01-18
P3495,Kestrel Apparel 495,Apparel,Apparel-A,Pavo,2522.87,4833.48,2021-12-23
P3496,Solace Accessories 496,Accessories,Accessories-C,Vertex,5877.54,14041.3,2024-02-08
P3497,Lumen Grocery 497,Grocery,Grocery-A,Vertex,629.83,918.49,2022-01-23
P3498,Lumen Accessories 498,Accessories,Accessories-A,Aurora,4092.86,8946.1,2021-04-06
P3499,Pavo Apparel 499,Apparel,Apparel-A,Aurora,2616.35,3939.32,2022-12-27
P3500,Solace Footwear 500,Footwear,Footwear-B,Kestrel,5716.1,9600.15,2022-06-22
P3501,Vertex Beauty 501,Beauty,Beauty-A,Onyx,260.43,353.22,2023-03-14
P3502,Nimbus Apparel 502,Apparel,Apparel-B,Solace,593.32,1422.36,2021-03-03
P3503,Onyx Grocery 503,GROCERY,Grocery-C,Aurora,448.09,782.24,2023-10-21
P3504,Nimbus Apparel 504,Apparel,Apparel-B,Aurora,1104.47,1764.83,2021-02-07
P3505,Nimbus Accessories 505,Accessories,Accessories-B,Lumen,3521.19,5963.12,2023-02-06
P3506,Solace Grocery 506,Grocery,Grocery-C,Kestrel,1012.4,2337.96,2022-03-19
P3507,Onyx Beauty 507,Beauty,Beauty-B,Solace,919.09,2165.66,2021-02-21
P3508,Aurora Apparel 508,Apparel,Apparel-C,Solace,3387.67,7433.45,2023-12-18
P3509,Nimbus Home 509,Home,Home-A,Kestrel,6690.82,14645.02,2022-05-11
P3510,Aurora Accessories 510,Accessories,Accessories-B,Nimbus,2232.02,5070.52,2022-11-19
P3511,Solace Footwear 511,Footwear,Footwear-C,Nimbus,2548.7,4889.88,2021-03-10
P3512,Lumen Accessories 512,Accessories,Accessories-B,Solace,1848.31,3002.12,2023-09-16
P3513,Nimbus Apparel 513,Apparel,Apparel-B,Nimbus,774.24,1593.77,2022-10-19
P3514,Vertex Footwear 514,Footwear,Footwear-C,Vertex,6862.13,16405.91,2021-10-14
P3515,Kestrel Grocery 515,Grocery,Grocery-C,Lumen,60.94,110.96,2021-04-01
P3516,Kestrel Accessories 516,Accessories,Accessories-B,Lumen,5219.81,10491.92,2021-01-14
P3517,Solace Beauty 517,Beauty,Beauty-C,Kestrel,3176.74,7408.42,2023-08-09
P3518,Nimbus Apparel 518,Apparel,Apparel-B,Nimbus,3589.62,6195.67,2023-06-20
P3519,Vertex Grocery 519,Grocery,Grocery-A,Solace,1473.51,2585.17,2024-06-17
P3520,Nimbus Grocery 520,Grocery,Grocery-B,Aurora,396.43,644.2,2021-03-10
P3406,Pavo Beauty 406,Beauty,Beauty-B,Aurora,1004.24,1557.84,2021-10-05
P3405,Lumen Apparel 405,Apparel,Apparel-B,Solace,3865.83,6677.76,2023-03-25
P3416,Onyx Grocery 416,Grocery,Grocery-A,Lumen,1464.58,3221.12,2023-06-11
P3155,Onyx Grocery 155,Grocery,Grocery-C,Aurora,,3282.49,2023-04-18
P3263,Aurora Apparel 263,Apparel,Apparel-A,Nimbus,3873.66,9104.8,2021-10-16
P3324,Nimbus Accessories 324,Accessories,Accessories-A,Kestrel,2611.84,4653.48,2024-06-27
P3118,Vertex Home 118,Home,Home-A,Solace,5516.68,12412.32,2024-03-30
P3269,Nimbus Footwear 269,Footwear,Footwear-A,Onyx,4100.1,8721.21,2022-03-19
