campaign_id,name,channel,start_date,end_date,spend_inr,impressions,clicks,target_category
CMP401,Campaign 1,Email,2024-11-30,2025-01-11,200724.57,2328679,21852,Beauty
CMP402,Campaign 2,Display,2024-10-26,2024-11-05,1097250.03,2076813,87955,Beauty
CMP403,Campaign 3,Search,2024-11-07,2024-12-09,141428.85,1189562,81707,Electronics
CMP404,Campaign 4,SMS,2024-03-16,2024-03-24,1769200.56,1279210,53014,All
CMP405,Campaign 5,Display,2023-07-01,2023-08-27,229130.74,2992457,46695,Electronics
CMP406,Campaign 6,SMS,2023-01-19,2023-02-13,1212894.49,2887465,56388,All
CMP407,Campaign 7,Search,2023-03-01,2023-04-28,1409508.37,1851964,26152,Home
CMP408,Campaign 8,Display,2023-04-04,2023-05-15,1088938.84,272021,2158,All
CMP409,Campaign 9,Social,2023-06-18,2023-07-24,1568890.27,1397592,77218,Electronics
CMP410,Campaign 10,Email,2023-12-29,2024-02-23,968053.53,2637575,17317,Beauty
CMP411,Campaign 11,Display,2023-03-09,2023-04-04,1308896.45,345116,59205,All
CMP412,Campaign 12,SMS,2024-03-31,2024-05-02,996076.63,1459897,23447,Home
CMP413,Campaign 13,Search,2024-07-21,2024-08-05,416852.88,2990587,29746,Beauty
CMP414,Campaign 14,Search,2023-11-03,2023-12-11,741082.96,1905392,42156,Apparel
CMP415,Campaign 15,Email,2024-10-18,2024-11-20,1760169.16,2479647,30597,Electronics
CMP416,Campaign 16,Email,2023-12-15,2024-02-02,505041.27,2719501,15989,Beauty
CMP417,Campaign 17,SMS,2023-12-03,2024-01-10,1702002.85,2972612,32401,Electronics
CMP418,Campaign 18,Email,2024-01-04,2024-02-25,1692262.58,2748591,13714,All
CMP419,Campaign 19,SMS,2023-08-11,2023-08-18,555603.56,625460,59220,Apparel
CMP420,Campaign 20,Display,2023-12-06,2024-01-21,1584421.38,884331,23632,Apparel
CMP421,Campaign 21,Social,2024-02-09,2024-02-18,1407558.94,1665985,74276,Home
CMP422,Campaign 22,Social,2023-12-03,2023-12-12,690057.21,1875601,29734,All
CMP423,Campaign 23,SMS,2023-01-27,2023-02-09,562865.08,753134,36005,Beauty
CMP424,Campaign 24,Display,2023-01-27,2023-02-04,803710.77,2526581,41897,Apparel
CMP425,Campaign 25,Social,2023-05-15,2023-07-10,831147.91,2887078,29053,Beauty
CMP426,Campaign 26,Display,2023-10-30,2023-12-23,422422.24,1575358,70850,Apparel
CMP427,Campaign 27,Email,2024-03-28,2024-05-09,1625581.62,2832407,35314,Home
CMP428,Campaign 28,Social,2023-12-15,2024-02-01,1579276.85,1369098,87983,Electronics
CMP429,Campaign 29,SMS,2023-09-19,2023-11-11,252171.34,2201011,40381,Home
CMP430,Campaign 30,SMS,2023-12-16,2023-12-28,1278231.02,1922374,36237,Electronics
CMP431,Campaign 31,Email,2023-01-21,2023-03-08,573583.99,2397275,62551,All
CMP432,Campaign 32,Email,2023-08-23,2023-10-08,334654.87,428984,79588,Electronics
CMP433,Campaign 33,Email,2024-04-05,2024-05-13,65647.19,2677219,51186,Home
CMP434,Campaign 34,Display,2024-01-05,2024-02-08,1401142.5,1656223,3269,Electronics
CMP435,Campaign 35,SMS,2024-03-04,2024-03-12,1750473.98,2860392,25167,Beauty
CMP436,Campaign 36,SMS,2023-09-09,2023-11-01,168570.84,418180,1339,All
CMP437,Campaign 37,Email,2024-09-11,2024-10-29,685892.66,1677611,79587,Electronics
CMP438,Campaign 38,Display,2024-09-27,2024-10-21,1311282.79,1438420,11566,Apparel
CMP439,Campaign 39,Social,2024-01-02,2024-02-06,388349.44,145443,77501,Beauty
CMP440,Campaign 40,Search,2024-10-10,2024-11-15,548481.66,68632,34243,Beauty
