store_code,period,sales_target_inr,footfall_target
ST101,Jan-2023,3207149.0,17182
ST101,Feb-2023,5100779.0,11524
ST101,Mar-2023,2789559.0,19701
ST101,Apr-2023,5513557.0,14198
ST101,May-2023,3209739.0,22188
ST101,Jun-2023,818682.0,21160
ST101,Jul-2023,1924012.0,8566
ST101,Aug-2023,5421709.0,11174
ST101,Sep-2023,5528652.0,6681
ST101,Oct-2023,5346878.0,14315
ST101,Nov-2023,3997947.0,13141
ST101,Dec-2023,3363343.0,23128
ST101,Jan-2024,4069995.0,17538
ST101,Feb-2024,6298646.0,7463
ST101,Mar-2024,3110915.0,8836
ST101,Apr-2024,1696568.0,16177
ST101,May-2024,979913.0,21845
ST101,Jun-2024,4054898.0,2717
ST101,Jul-2024,5206011.0,17570
ST101,Aug-2024,1082523.0,7501
ST101,Sep-2024,6202213.0,15802
ST101,Oct-2024,2622947.0,22398
ST101,Nov-2024,5137278.0,8282
ST101,Dec-2024,3982098.0,23070
ST102,Jan-2023,6203499.0,23481
ST102,Feb-2023,3595042.0,22355
ST102,Mar-2023,4796619.0,13970
ST102,Apr-2023,3839607.0,14490
ST102,May-2023,3089448.0,3408
ST102,Jun-2023,4184018.0,3280
ST102,Jul-2023,3548669.0,4537
ST102,Aug-2023,6482893.0,5916
ST102,Sep-2023,2196835.0,14682
ST102,Oct-2023,1258664.0,18793
ST102,Nov-2023,6385960.0,24429
ST102,Dec-2023,5475300.0,18896
ST102,Jan-2024,3098200.0,10925
ST102,Feb-2024,6129771.0,10807
ST102,Mar-2024,4136184.0,3510
ST102,Apr-2024,3079624.0,20316
ST102,May-2024,2764359.0,13904
ST102,Jun-2024,1942833.0,3744
ST102,Jul-2024,1328992.0,9360
ST102,Aug-2024,3841983.0,24172
ST102,Sep-2024,1191102.0,18080
ST102,Oct-2024,5619356.0,24621
ST102,Nov-2024,2220090.0,20946
ST102,Dec-2024,1954838.0,12450
ST103,Jan-2023,6142408.0,20794
ST103,Feb-2023,1787615.0,7196
ST103,Mar-2023,2712198.0,24723
ST103,Apr-2023,1422801.0,6652
ST103,May-2023,3031311.0,10144
ST103,Jun-2023,4389200.0,23944
ST103,Jul-2023,1837032.0,21492
ST103,Aug-2023,3799616.0,21004
ST103,Sep-2023,5007148.0,5834
ST103,Oct-2023,5822644.0,11000
ST103,Nov-2023,2171188.0,18811
ST103,Dec-2023,3612618.0,15355
ST103,Jan-2024,5125247.0,11162
ST103,Feb-2024,4231096.0,17061
ST103,Mar-2024,3593340.0,15623
ST103,Apr-2024,2344426.0,13409
ST103,May-2024,6249786.0,3662
ST103,Jun-2024,883594.0,15006
ST103,Jul-2024,2725520.0,16953
ST103,Aug-2024,2189349.0,16127
ST103,Sep-2024,6360500.0,6826
ST103,Oct-2024,4709429.0,21650
ST103,Nov-2024,4751144.0,23192
ST103,Dec-2024,4991026.0,5830
ST104,Jan-2023,6004631.0,13206
ST104,Feb-2023,3415933.0,17075
ST104,Mar-2023,6299575.0,5085
ST104,Apr-2023,2054154.0,7400
ST104,May-2023,3526654.0,20780
ST104,Jun-2023,2369710.0,20322
ST104,Jul-2023,2461772.0,19796
ST104,Aug-2023,4946555.0,24478
ST104,Sep-2023,3320361.0,10267
ST104,Oct-2023,6142909.0,9306
ST104,Nov-2023,5896002.0,10828
ST104,Dec-2023,1607248.0,5167
ST104,Jan-2024,5761171.0,9843
ST104,Feb-2024,3508735.0,23642
ST104,Mar-2024,939934.0,19316
ST104,Apr-2024,3061319.0,6182
ST104,May-2024,1377542.0,12694
ST104,Jun-2024,1214005.0,18269
ST104,Jul-2024,2009843.0,22385
ST104,Aug-2024,4254827.0,9758
ST104,Sep-2024,1463639.0,23786
ST104,Oct-2024,4607624.0,15693
ST104,Nov-2024,3585101.0,16797
ST104,Dec-2024,2248056.0,8535
ST105,Jan-2023,5943999.0,24746
ST105,Feb-2023,1515261.0,20893
ST105,Mar-2023,2170534.0,2310
ST105,Apr-2023,4780867.0,21378
ST105,May-2023,3101122.0,3922
ST105,Jun-2023,4762897.0,5348
ST105,Jul-2023,6202272.0,19846
ST105,Aug-2023,1460315.0,8413
ST105,Sep-2023,6276937.0,24587
ST105,Oct-2023,5099839.0,20196
ST105,Nov-2023,6187309.0,8566
ST105,Dec-2023,4561206.0,3251
ST105,Jan-2024,3538752.0,22184
ST105,Feb-2024,4245247.0,13427
ST105,Mar-2024,1972420.0,8994
ST105,Apr-2024,3415732.0,11349
ST105,May-2024,4304873.0,20446
ST105,Jun-2024,5505342.0,4068
ST105,Jul-2024,3941288.0,7802
ST105,Aug-2024,823052.0,6742
ST105,Sep-2024,2526826.0,6574
ST105,Oct-2024,2790843.0,17975
ST105,Nov-2024,1597690.0,9337
ST105,Dec-2024,2609803.0,16160
ST106,Jan-2023,5203790.0,20889
ST106,Feb-2023,3999067.0,4010
ST106,Mar-2023,2744386.0,2945
ST106,Apr-2023,6137354.0,6055
ST106,May-2023,5073777.0,21091
ST106,Jun-2023,5809361.0,7402
ST106,Jul-2023,5560394.0,14148
ST106,Aug-2023,1012030.0,20531
ST106,Sep-2023,939239.0,21429
ST106,Oct-2023,1039418.0,7480
ST106,Nov-2023,5539503.0,9182
ST106,Dec-2023,3290332.0,10161
ST106,Jan-2024,2601908.0,5866
ST106,Feb-2024,2579206.0,8864
ST106,Mar-2024,4228713.0,15419
ST106,Apr-2024,965709.0,7238
ST106,May-2024,3563815.0,5324
ST106,Jun-2024,4497280.0,16442
ST106,Jul-2024,4393992.0,10719
ST106,Aug-2024,1966525.0,12193
ST106,Sep-2024,3561736.0,9128
ST106,Oct-2024,5644613.0,10189
ST106,Nov-2024,3014434.0,15518
ST106,Dec-2024,5231753.0,11670
ST107,Jan-2023,2556810.0,6720
ST107,Feb-2023,5793227.0,24910
ST107,Mar-2023,875206.0,4826
ST107,Apr-2023,1409036.0,23764
ST107,May-2023,6085318.0,11548
ST107,Jun-2023,4493366.0,15350
ST107,Jul-2023,4476393.0,8311
ST107,Aug-2023,1177256.0,20306
ST107,Sep-2023,5461403.0,16791
ST107,Oct-2023,5117953.0,24598
ST107,Nov-2023,4672195.0,13792
ST107,Dec-2023,5416161.0,10967
ST107,Jan-2024,1132207.0,2920
ST107,Feb-2024,3347953.0,22963
ST107,Mar-2024,3294080.0,3855
ST107,Apr-2024,5032093.0,5555
ST107,May-2024,3059797.0,23632
ST107,Jun-2024,1722076.0,20233
ST107,Jul-2024,2665479.0,18978
ST107,Aug-2024,2734233.0,18354
ST107,Sep-2024,4161695.0,5426
ST107,Oct-2024,1005257.0,14039
ST107,Nov-2024,4772512.0,11068
ST107,Dec-2024,2750380.0,14542
ST108,Jan-2023,4551900.0,18718
ST108,Feb-2023,2423934.0,13917
ST108,Mar-2023,3777333.0,8040
ST108,Apr-2023,1542460.0,9116
ST108,May-2023,1700192.0,14213
ST108,Jun-2023,1757831.0,18780
ST108,Jul-2023,5320521.0,11053
ST108,Aug-2023,1122273.0,16834
ST108,Sep-2023,5981174.0,15129
ST108,Oct-2023,3778736.0,17252
ST108,Nov-2023,5900678.0,18165
ST108,Dec-2023,5284871.0,4278
ST108,Jan-2024,5405048.0,3680
ST108,Feb-2024,3925553.0,18890
ST108,Mar-2024,5259534.0,23753
ST108,Apr-2024,1395224.0,21496
ST108,May-2024,6387476.0,24751
ST108,Jun-2024,5388615.0,2484
ST108,Jul-2024,5772186.0,22873
ST108,Aug-2024,1514784.0,13634
ST108,Sep-2024,4896216.0,4878
ST108,Oct-2024,5308594.0,2760
ST108,Nov-2024,3229514.0,10404
ST108,Dec-2024,3317322.0,16551
ST109,Jan-2023,4148742.0,2814
ST109,Feb-2023,6340184.0,5216
ST109,Mar-2023,6017142.0,16749
ST109,Apr-2023,1056141.0,15162
ST109,May-2023,1182909.0,9634
ST109,Jun-2023,3666736.0,14673
ST109,Jul-2023,6480165.0,22303
ST109,Aug-2023,5965771.0,15876
ST109,Sep-2023,3093572.0,20625
ST109,Oct-2023,2562655.0,17151
ST109,Nov-2023,2491742.0,22336
ST109,Dec-2023,5917497.0,4435
ST109,Jan-2024,5238861.0,12730
ST109,Feb-2024,4904207.0,23180
ST109,Mar-2024,5411599.0,11705
ST109,Apr-2024,3943053.0,2385
ST109,May-2024,3415668.0,16750
ST109,Jun-2024,3547034.0,17505
ST109,Jul-2024,4219280.0,24304
ST109,Aug-2024,1022987.0,24996
ST109,Sep-2024,2161241.0,18981
ST109,Oct-2024,3186204.0,14337
ST109,Nov-2024,3307716.0,12900
ST109,Dec-2024,5009738.0,8955
ST110,Jan-2023,3348875.0,11963
ST110,Feb-2023,1691102.0,8479
ST110,Mar-2023,4659903.0,14045
ST110,Apr-2023,1534966.0,12339
ST110,May-2023,6251791.0,21385
ST110,Jun-2023,1257827.0,24685
ST110,Jul-2023,3040476.0,24616
ST110,Aug-2023,4184829.0,5057
ST110,Sep-2023,1893120.0,16809
ST110,Oct-2023,6425324.0,9119
ST110,Nov-2023,5436022.0,11904
ST110,Dec-2023,5660112.0,3110
ST110,Jan-2024,3464767.0,10393
ST110,Feb-2024,3277518.0,24432
ST110,Mar-2024,2372268.0,4648
ST110,Apr-2024,1475872.0,3118
ST110,May-2024,6182595.0,8057
ST110,Jun-2024,4713075.0,2478
ST110,Jul-2024,5342203.0,19913
ST110,Aug-2024,2597539.0,8564
ST110,Sep-2024,6357707.0,20143
ST110,Oct-2024,3404511.0,16834
ST110,Nov-2024,3666175.0,6446
ST110,Dec-2024,4348175.0,24896
ST111,Jan-2023,4669034.0,9068
ST111,Feb-2023,5630504.0,21066
ST111,Mar-2023,5956065.0,4001
ST111,Apr-2023,3216432.0,21566
ST111,May-2023,1119881.0,22564
ST111,Jun-2023,2377244.0,7937
ST111,Jul-2023,3142709.0,8450
ST111,Aug-2023,4387539.0,5421
ST111,Sep-2023,4054134.0,12293
ST111,Oct-2023,6030287.0,24343
ST111,Nov-2023,2409050.0,6760
ST111,Dec-2023,800101.0,5285
ST111,Jan-2024,1886621.0,15898
ST111,Feb-2024,877328.0,2021
ST111,Mar-2024,2704173.0,20682
ST111,Apr-2024,3258494.0,22185
ST111,May-2024,6156359.0,19661
ST111,Jun-2024,2312874.0,5111
ST111,Jul-2024,2610159.0,6923
ST111,Aug-2024,2209711.0,13250
ST111,Sep-2024,4964865.0,11593
ST111,Oct-2024,1835892.0,12420
ST111,Nov-2024,3228889.0,3948
ST111,Dec-2024,4303020.0,3548
ST112,Jan-2023,1975854.0,3634
ST112,Feb-2023,1740222.0,5534
ST112,Mar-2023,1878175.0,9095
ST112,Apr-2023,2877693.0,6559
ST112,May-2023,5087063.0,7459
ST112,Jun-2023,4652094.0,3476
ST112,Jul-2023,921790.0,21923
ST112,Aug-2023,4611387.0,24004
ST112,Sep-2023,4997763.0,21991
ST112,Oct-2023,3666517.0,17097
ST112,Nov-2023,1023303.0,13593
ST112,Dec-2023,3019067.0,18637
ST112,Jan-2024,2397127.0,9259
ST112,Feb-2024,2367156.0,15240
ST112,Mar-2024,1319535.0,21453
ST112,Apr-2024,4968168.0,9635
ST112,May-2024,2665500.0,2049
ST112,Jun-2024,972468.0,2787
ST112,Jul-2024,4168898.0,22562
ST112,Aug-2024,5038349.0,6067
ST112,Sep-2024,5576375.0,7851
ST112,Oct-2024,1612443.0,8864
ST112,Nov-2024,6399371.0,8975
ST112,Dec-2024,3561420.0,5290
ST113,Jan-2023,2512555.0,24732
ST113,Feb-2023,1824845.0,9330
ST113,Mar-2023,2685589.0,13677
ST113,Apr-2023,3420996.0,22509
ST113,May-2023,5099571.0,20611
ST113,Jun-2023,5337783.0,17474
ST113,Jul-2023,1029308.0,17459
ST113,Aug-2023,1811367.0,11090
ST113,Sep-2023,2190159.0,7253
ST113,Oct-2023,6187357.0,14764
ST113,Nov-2023,4840785.0,13983
ST113,Dec-2023,2495442.0,2490
ST113,Jan-2024,907120.0,16505
ST113,Feb-2024,2277856.0,18265
ST113,Mar-2024,2734157.0,16461
ST113,Apr-2024,2484918.0,13970
ST113,May-2024,1038503.0,20992
ST113,Jun-2024,2053595.0,12052
ST113,Jul-2024,2490818.0,7351
ST113,Aug-2024,1113874.0,8767
ST113,Sep-2024,4180038.0,18006
ST113,Oct-2024,5183133.0,21159
ST113,Nov-2024,4496734.0,4245
ST113,Dec-2024,4671975.0,2021
ST114,Jan-2023,5821856.0,15704
ST114,Feb-2023,1351135.0,3289
ST114,Mar-2023,5369680.0,23035
ST114,Apr-2023,946758.0,24111
ST114,May-2023,2155224.0,2514
ST114,Jun-2023,1712049.0,3463
ST114,Jul-2023,4371146.0,19769
ST114,Aug-2023,6110945.0,16547
ST114,Sep-2023,1417659.0,3179
ST114,Oct-2023,1605082.0,6680
ST114,Nov-2023,4099869.0,24893
ST114,Dec-2023,1617838.0,18834
ST114,Jan-2024,4863740.0,13579
ST114,Feb-2024,2888768.0,8044
ST114,Mar-2024,1394180.0,11442
ST114,Apr-2024,4730901.0,3145
ST114,May-2024,4208362.0,16625
ST114,Jun-2024,2078233.0,2189
ST114,Jul-2024,4847140.0,16807
ST114,Aug-2024,891052.0,16598
ST114,Sep-2024,3178067.0,8143
ST114,Oct-2024,3922274.0,18257
ST114,Nov-2024,5392122.0,19067
ST114,Dec-2024,5515764.0,13440
ST115,Jan-2023,6046617.0,21227
ST115,Feb-2023,1716416.0,21251
ST115,Mar-2023,1789166.0,19831
ST115,Apr-2023,3927199.0,14042
ST115,May-2023,6040090.0,24700
ST115,Jun-2023,2716127.0,8481
ST115,Jul-2023,6071438.0,9315
ST115,Aug-2023,1815275.0,12482
ST115,Sep-2023,3708864.0,13906
ST115,Oct-2023,1732970.0,10194
ST115,Nov-2023,6304907.0,18266
ST115,Dec-2023,2475113.0,16377
ST115,Jan-2024,4260604.0,19523
ST115,Feb-2024,2658403.0,19645
ST115,Mar-2024,6137239.0,4522
ST115,Apr-2024,6066679.0,5298
ST115,May-2024,3807991.0,8160
ST115,Jun-2024,4435929.0,16698
ST115,Jul-2024,5514650.0,7579
ST115,Aug-2024,4709599.0,10301
ST115,Sep-2024,1888149.0,4476
ST115,Oct-2024,5902825.0,15124
ST115,Nov-2024,1986152.0,10108
ST115,Dec-2024,5510508.0,3466
ST116,Jan-2023,6394211.0,5339
ST116,Feb-2023,3402864.0,23152
ST116,Mar-2023,2112817.0,24934
ST116,Apr-2023,3065100.0,9313
ST116,May-2023,6085667.0,15305
ST116,Jun-2023,5832595.0,13448
ST116,Jul-2023,3661352.0,12454
ST116,Aug-2023,4745358.0,17413
ST116,Sep-2023,4235409.0,14586
ST116,Oct-2023,4614177.0,4523
ST116,Nov-2023,6152438.0,12868
ST116,Dec-2023,1237718.0,5192
ST116,Jan-2024,5925885.0,23516
ST116,Feb-2024,1050521.0,12414
ST116,Mar-2024,4102836.0,16650
ST116,Apr-2024,2411362.0,20255
ST116,May-2024,2824710.0,22745
ST116,Jun-2024,5884224.0,19872
ST116,Jul-2024,872543.0,17307
ST116,Aug-2024,2675322.0,7696
ST116,Sep-2024,2358475.0,8230
ST116,Oct-2024,1252507.0,24265
ST116,Nov-2024,4170935.0,6653
ST116,Dec-2024,4147467.0,20246
ST117,Jan-2023,5266037.0,18976
ST117,Feb-2023,5646369.0,2600
ST117,Mar-2023,3860306.0,3253
ST117,Apr-2023,5772719.0,2938
ST117,May-2023,5802178.0,4703
ST117,Jun-2023,6383648.0,10109
ST117,Jul-2023,5684053.0,21903
ST117,Aug-2023,6274404.0,9188
ST117,Sep-2023,6235173.0,3836
ST117,Oct-2023,5918155.0,7111
ST117,Nov-2023,1814207.0,20959
ST117,Dec-2023,1574113.0,13374
ST117,Jan-2024,3228139.0,12237
ST117,Feb-2024,2960634.0,22520
ST117,Mar-2024,3165546.0,11792
ST117,Apr-2024,5495953.0,11122
ST117,May-2024,2952179.0,16831
ST117,Jun-2024,2516509.0,18219
ST117,Jul-2024,2569680.0,3964
ST117,Aug-2024,5364564.0,18411
ST117,Sep-2024,3071693.0,20860
ST117,Oct-2024,4869506.0,20683
ST117,Nov-2024,4446364.0,9579
ST117,Dec-2024,2003723.0,17054
ST118,Jan-2023,5198899.0,13394
ST118,Feb-2023,6390241.0,8511
ST118,Mar-2023,2988675.0,6439
ST118,Apr-2023,2008351.0,10103
ST118,May-2023,4932412.0,10139
ST118,Jun-2023,5054949.0,9263
ST118,Jul-2023,3480824.0,9308
ST118,Aug-2023,1175979.0,22529
ST118,Sep-2023,1199027.0,9902
ST118,Oct-2023,3353641.0,5469
ST118,Nov-2023,5007594.0,16826
ST118,Dec-2023,2686893.0,12465
ST118,Jan-2024,857984.0,2516
ST118,Feb-2024,2851665.0,19517
ST118,Mar-2024,3479933.0,11417
ST118,Apr-2024,1196981.0,4947
ST118,May-2024,6323409.0,2504
ST118,Jun-2024,4344083.0,6943
ST118,Jul-2024,4903140.0,5074
ST118,Aug-2024,5975187.0,3855
ST118,Sep-2024,6281281.0,10473
ST118,Oct-2024,5955491.0,24834
ST118,Nov-2024,5097076.0,19949
ST118,Dec-2024,3582699.0,17743
